model,C,threshold,accuracy,precision,recall,f1,tp,fp,fn,tn,pr_auc,roc_auc
lexicon_rule,,0.5,0.815625,1.0,0.63125,0.7739463601532567,303,0,177,480,0.815625,0.815625
tfidf,0.3,0.5047160849644833,0.8854166666666666,0.87,0.90625,0.8877551020408163,435,65,45,415,0.9594240883238442,0.9580013020833333
tfidf,1.0,0.49093150116111334,0.8927083333333333,0.8660194174757282,0.9291666666666667,0.8964824120603015,446,69,34,411,0.9640004334323016,0.9631271701388889
tfidf,3.0,0.5013621009440108,0.890625,0.8669275929549902,0.9229166666666667,0.8940464177598385,443,68,37,412,0.9642674122613285,0.96416015625
tfidf,10.0,0.5567149127305768,0.89375,0.890495867768595,0.8979166666666667,0.8941908713692946,431,53,49,427,0.9624403868394955,0.9629492187500001
tfidf,30.0,0.535044701506745,0.8927083333333333,0.8762475049900199,0.9145833333333333,0.8950050968399592,439,62,41,418,0.9592916895218417,0.9610438368055556
tfidf,100.0,0.5671497166598257,0.89375,0.8857142857142857,0.9041666666666667,0.8948453608247423,434,56,46,424,0.9594111093543259,0.960900607638889
lexicon,0.3,0.40170181524837184,0.8489583333333334,0.8084714548802947,0.9145833333333333,0.8582600195503421,439,104,41,376,0.9560384590445639,0.951134982638889
lexicon,1.0,0.4169078046263002,0.8510416666666667,0.8173258003766478,0.9041666666666667,0.8585558852621167,434,97,46,383,0.9563744922547985,0.9514822048611112
lexicon,3.0,0.43695229701327476,0.853125,0.8304093567251462,0.8875,0.8580060422960725,426,87,54,393,0.9563792334121934,0.9512999131944445
lexicon,10.0,0.43757813004804114,0.853125,0.8304093567251462,0.8875,0.8580060422960725,426,87,54,393,0.9563521759988174,0.95119140625
lexicon,30.0,0.4371975182952982,0.853125,0.8304093567251462,0.8875,0.8580060422960725,426,87,54,393,0.9563291635489887,0.9511306423611111
lexicon,100.0,0.4368456697921495,0.853125,0.8304093567251462,0.8875,0.8580060422960725,426,87,54,393,0.9563076276450205,0.9511046006944445
combined,0.3,0.4090468679763059,0.8604166666666667,0.8215613382899628,0.9208333333333333,0.8683693516699411,442,96,38,384,0.9608040255398144,0.9566948784722222
combined,1.0,0.5470262267918234,0.8885416666666667,0.9327146171693735,0.8375,0.8825466520307355,402,29,78,451,0.9642188856850233,0.9606532118055556
combined,3.0,0.5009372901717446,0.8875,0.8957446808510638,0.8770833333333333,0.8863157894736842,421,49,59,431,0.9665742551878517,0.9636219618055556
combined,10.0,0.33760626553236966,0.884375,0.8448598130841122,0.9416666666666667,0.8906403940886699,452,83,28,397,0.9668557662127142,0.9643381076388888
combined,30.0,0.4464683265923399,0.8927083333333333,0.8839103869653768,0.9041666666666667,0.893923789907312,434,57,46,423,0.9667495953162488,0.9643250868055555
combined,100.0,0.406247596857048,0.8885416666666667,0.8752515090543259,0.90625,0.8904810644831116,435,62,45,418,0.966347453186431,0.9639735243055555
